twitter,website
,cotsapaslab.info
,danielpass.wordpress.com
,dylanbochmangmail.com
,http://ademcan.net/blog/
,http://code.google.com/p/bamseek/
,http://lalibrairiedecacetmat.blogspot.com/
,http://mattshirley.com
,http://microbiology.se
,http://ph3j.com/b/
,http://protein.bio.unipd.it/alberto/web/index.html
,http://steletch.free.fr
,http://treevolution.blogspot.com
,http://www.bik-f.de/root/index.php?page_id=795
,http://www.carvunis.com/
,http://www.cs.technion.ac.il/~pinter/
,http://www.frangun.org
,http://www.i3s.unice.fr/~comet/
,http://www.personal.psu.edu/iua1/
,http://www.the-praise-of-insects.blogpspot.com
,mabeufandtheflag.wordpress.com
,protein.bio.unipd.it
,www.bioinformatics.org/gary
,www.proteinphysiologylab.tk
,www.rostlab.org/~schaefer
,www.tcoffee.org
1w4n
AlexanderMonzon
AntTaly
BayesMonk,mybioinformatics.org
BioGeek,http://jeroen.vangoey.be
CelineBon
Chamundeeswari
ChaseAllnMiller,CHASEALLENMILLER.COM
Chuckytah,
DineshCyanam,http://dinesh.cyanam.net
Dsangurdekar
GonzaParraTwit,http://proteinphysiologylab.tk/
JanneMarieL
Mohammad Khubeb Siddiqui,http://faculty.ksu.edu.sa/khubeb/default.aspx
NPalopoli,http://about.me/npalopoli
Npklein
SAB_31
TheLyons
VickyDumas
_steb_,http://www.precancer.leeds.ac.uk/group-members/stefano-berri-postdoctoral-scientist/
abuzarhamza,abuzarhamza.posterous.com
ad3002,https://plus.google.com/u/0/107050442194903293978
adam_in_nyc,http://www.zoology.ubc.ca/~alorch/
agrimwald
aihardin,www.aaronhardin.com
alastair_kerr
alunem,http://esd.lbl.gov/about/staff/emmanuelprestat/
andrewejaffe
armish
aunderwo
avilella,https://plus.google.com/107427830266494351775/posts
biocs,http://blog.mckuhn.de/
biojl
biosdeveloper,http://webs.uvigo.es/acraaj/
bitsatvib,www.bits.vib.be
braincode,brainstorm.nopcode.org
brandstaetter
brent_p,https://github.com/brentp
burkesquires,burkesquires.com
caddymob,www.corneveaux.com
calstad
caseybergman,http://caseybergman.wordpress.com/
chrisamiller,http://www.chrisamiller.com
chupvl,farmacokratia.blogspot.com
clafooty
cnrlwlss,http://cnr.lwlss.net
csgillespie,http://csgillespie.wordpress.com/
cupton1,virology.ca
d_swan,http://eridanus.net
dalloliogm,http://bioinfoblog.it
dancing_infobio,http://atted.jp/CV/obayashi/
daweonline
delahar
dfornika,http://geneticthinking.wordpress.com/
diegoriano,bce.uniandes.edu.co
dkuo
dubiousGeek
egonwillighagen,http://chem-bla-ics.blogspot.com/
elipapa,www.eliseopapa.org
estepi
fabulous_fabsta
far_hat,www.iiserpune.ac.in/~farhat
fiamh,http://compbio.sph.harvard.edu/chb/
fishinabarrel,http://genomes-of-gnomes.posterous.com/
gauravjain49,http://www.linkedin.com/in/gauravj49
gawbul,http://stevemoss.ath.cx/
ge_parada
genedropinc,www.genedrop.com
george_l,http://www.biorelated.com
guyleonard,http://gna-phylo.nhm.ac.uk/guy_leonard.html
heyaudy
hupalodan
icyreaction,http://profiles.google.com/cyriac.kandoth
ithinkwise,http://blog.ithinkwise.com/
jarretinha
jergosh
jermdemo,http://jermdemo.blogspot.com
jervenbolleman
jewmanchue
joachimbaran,http://joachimbaran.wordpress.com
jorjial,http://www.bioinformatico.es
keithcallenberg,http://mem.bio.pitt.edu/
kierenlythgow,http://digitalkingdom2011.wordpress.com/
kisprot,users.utu.fi/kipokh
kitsdave ,http://novelsanjeevani.blogspot.in/
klmr
konradfoerstner,http://konrad.foerstner.org/
larmande
larry_parnell,varigenome.blogspot.com
lexnederbragt,http://flavors.me/flxlex
lorymontout
lynxoid
marcoscarvalho,www.marcosdecarvalho.com
marinebugs
maximilianh,http://hgwdev.soe.ucsc.edu/~max
meetmadhan
meoyo,http://sites.google.com/site/bioinfocrhdq/
michaelbarton,www.michaelbarton.me.uk
michautbioinfo,people.rez-gif.supelec.fr/mmichaut
mikaelhuss,followthedata.wordpress.com
mmarchin
molmodelblog,rosettadesigngroup.com/blog
mrojascherto,miquelrojascherto.com
mrrizkallah
nabellaleen
naga_rna
nallias
nanoanatomy,http://www.ProfileGrid.org/
ngoffard,http://goffard.wordpress.com/
nickholway
notsojunkdna
nts007
nubecosmica,www.bioinformaticos.com.ar
nwe23
obigriffith,www.obigriffith.org
olivercpalmer,oliverpalmer.net
onertipaday,onertipaday.blogspot.com
pablocarb,http://bioretrosynth.issb.genopole.fr/~carbonell/
pascal_biotech,http://biotechies.blogspot.com/
pedrobeltrao,http://pbeltrao.blogspot.com/
pierrepo,cupnet.net
piper_jason,http://www2.warwick.ac.uk/fac/sci/sbdtc/people/students/2010/jason_piper/
pjacock,blastedbio.blogspot.com/
plausible,iplusfour.com/blog
quaidmorris,http://morrislab.med.utoronto.ca
raonyguimaraes,www.medicinadofuturo.com.br/openscience
rathankar,rathankar
raunakms,raunakms.wordpress.com
razZ0r,biopunk.hu
recology_,http://schamberlain.github.com/scott
reid_jf,http://reidjf.github.com/
rguha,blog.rguha.net
robsyme
rshigeta
rvosa,http://rutgervos.blogspot.com
ryanschenk,ryanschenk.com
saad_77
sargoshoe,http://web.mit.edu/sgosline
sc_evans,http://uakron.academia.edu/SamuelEvans
seandavis12,http://watson.nci.nih.gov/~sdavis/
shaikrafi7
sjcockell,http://fuzzierlogic.com/
tauri87
tim_yates
vachii
vasundhar,vasundhar.posterous.com
violaine_moreau
vlandham,http://vallandingham.me/
vloux,http://genome.jouy.inra.fr/~vloux/
wspoonr,wspoonr.blogspot.com
xizengmao,http://csbl.bmb.uga.edu/~xizeng/
yannick__,http://yannick.poulet.org
yokofakun,http://plindenbaum.blogspot.comh
